URL,SKU,Cashback
https://miniture.in/products/space-themed-organizer?_pos=1&_sid=3406a3f28&_ss=r#judgeme_product_reviews,YK-KW-007-2,450
https://miniture.in/products/flexdesk-6-in-1-super-desk?_pos=1&_sid=b7a82f50c&_ss=r#judgeme_product_reviews,YK-KW-006,350
https://miniture.in/products/smartstudy-hippo-table?_pos=4&_sid=0b3e6961d&_ss=r#judgeme_product_reviews,YK-PZ-015-2,
https://miniture.in/products/toy-vault-pup-contour-dog-organizer?_pos=1&_sid=50e42837f&_ss=r#judgeme_product_reviews,YK-YH-001-3,500
https://miniture.in/products/flexdesk-with-storage?_pos=2&_sid=b7a82f50c&_ss=r#judgeme_product_reviews,YK-KW-012,370
https://miniture.in/products/curio-corner-booknook-carrot-shaped-bookshelf#judgeme_product_reviews,YK-KW-080,250
https://miniture.in/products/miniture-throne-toddler-lounger-kids-chair?_pos=3&_sid=a01c68f15&_ss=r#judgeme_product_reviews,YK-KW-006-1,
https://miniture.in/products/toy-vault-car-contour-car-organizer?_pos=1&_sid=6a0cd8b64&_ss=r#judgeme_product_reviews,YK-SQ-022-3 - WHITE,500
https://miniture.in/products/toy-vault-car-contour-car-organizer?_pos=1&_sid=6a0cd8b64&_ss=r#judgeme_product_reviews,YK-SQ-022-3 - PINK,500
https://miniture.in/products/toy-vault-car-contour-car-organizer-small?_pos=2&_sid=6a0cd8b64&_ss=r#judgeme_product_reviews,YK-SQ-022-1,500
https://miniture.in/products/creatiboard-sketch-strokes-art-easel?_pos=2&_sid=39197292d&_ss=r#judgeme_product_reviews,YK-NH-006 - PINK,
https://miniture.in/products/creatiboard-sketch-strokes-art-easel?_pos=2&_sid=39197292d&_ss=r#judgeme_product_reviews,YK-NH-006 - BLU & YEL,
https://miniture.in/products/creatiboard-sketch-strokes-art-easel?_pos=2&_sid=39197292d&_ss=r#judgeme_product_reviews,YK-NH-006 - GREEN,
https://miniture.in/products/steady-steps-step-stool?_pos=1&_sid=f60d3bf4e&_ss=r#judgeme_product_reviews,YK-PZ-007 - BLUE,250
https://miniture.in/products/steady-steps-step-stool?_pos=1&_sid=f60d3bf4e&_ss=r#judgeme_product_reviews,YK-PZ-007 - PINK,250
https://miniture.in/products/steady-steps-step-stool?_pos=1&_sid=f60d3bf4e&_ss=r#judgeme_product_reviews,YK-PZ-007 - WHITE,250
https://miniture.in/products/toy-vault-bus-contour-bus-organizer?_pos=1&_sid=3771d4edf&_ss=r#judgeme_product_reviews,YK-SQ-022-4,500
https://miniture.in/products/toy-vault-bus-contour-bus-organizer-small?_pos=2&_sid=3771d4edf&_ss=r#judgeme_product_reviews,YK-SQ-022-2,500
https://miniture.in/products/radish-shaped-kids-front-facing-bookshelf-easy-pick-safe-corners?_pos=1&_sid=3b9a4c503&_ss=r#judgeme_product_reviews,MN-B-002,300
https://miniture.in/collections/all/products/space-contour-toy-organizer-kids-toy-storage-cabinet#judgeme_product_reviews,MN-O-005,500
https://miniture.in/products/cactus-themed-mini-cupboard?_pos=2&_sid=faa239d0f&_ss=r#judgeme_product_reviews,MN-O-006,550
https://miniture.in/collections/all/products/7-in-1-space-desk#judgeme_product_reviews,YK-KW-027,370
https://miniture.in/products/art-markers?_pos=1&_sid=69ee3ddd2&_ss=r#judgeme_product_reviews,MN-ACS-001,
https://miniture.in/products/duplo-lego-blocks?_pos=1&_sid=ee098a7c4&_ss=r#judgeme_product_reviews,MN-ACS-002,
https://miniture.in/products/kinetic-sand?_pos=1&_sid=04bb36e92&_ss=r#judgeme_product_reviews,MN-ACS-003-GREEN,
https://miniture.in/products/kinetic-sand?_pos=1&_sid=04bb36e92&_ss=r#judgeme_product_reviews,MN-ACS-003-BLUE,
https://miniture.in/products/rainbow-rice?_pos=1&_sid=7c96f20ca&_ss=r#judgeme_product_reviews,MN-ACS-004,
,MN-ACS-005,
,MN-ACS-006,
https://miniture.in/products/wooden-sensory-play-tools?_pos=2&_sid=c66b2900b&_ss=r#judgeme_product_reviews,MN-ACS-007,